run,feature,importance,rank
1,Pathway_Immune,-0.0377218934911242,9.0
1,Pathway_Proliferation,0.0,6.5
1,Pathway_DNA_Repair,0.11316568047337283,2.0
1,Pathway_Metabolism,0.0,6.5
1,Pathway_Stromal_EMT,0.0,6.5
1,Pathway_Apoptosis_Stress,0.0,6.5
1,Pathway_Hormone,0.09837278106508873,3.0
1,age_at_dx,0.1545857988165681,1.0
1,stage_ordinal,0.004437869822485285,4.0
2,Pathway_Immune,0.0,5.5
2,Pathway_Proliferation,0.0,5.5
2,Pathway_DNA_Repair,0.041369472182596345,2.0
2,Pathway_Metabolism,0.0,5.5
2,Pathway_Stromal_EMT,0.0,5.5
2,Pathway_Apoptosis_Stress,-0.024251069900142586,9.0
2,Pathway_Hormone,0.059914407988587715,1.0
2,age_at_dx,0.02710413694721825,3.0
2,stage_ordinal,-0.0014265335235378318,8.0
3,Pathway_Immune,0.0,5.0
3,Pathway_Proliferation,-0.026425591098748313,9.0
3,Pathway_DNA_Repair,-0.018080667593880384,8.0
3,Pathway_Metabolism,-0.0027816411682892728,7.0
3,Pathway_Stromal_EMT,0.0,5.0
3,Pathway_Apoptosis_Stress,0.0,5.0
3,Pathway_Hormone,0.053546592489568834,1.0
3,age_at_dx,0.025730180806675884,2.0
3,stage_ordinal,0.018776077885952702,3.0
4,Pathway_Immune,0.0,5.5
4,Pathway_Proliferation,0.0,5.5
4,Pathway_DNA_Repair,0.0622254758418741,2.0
4,Pathway_Metabolism,0.0,5.5
4,Pathway_Stromal_EMT,-0.0065885797950219205,8.0
4,Pathway_Apoptosis_Stress,0.0,5.5
4,Pathway_Hormone,0.12737920937042457,1.0
4,age_at_dx,-0.01830161054172763,9.0
4,stage_ordinal,0.02342606149341142,3.0
5,Pathway_Immune,0.0,5.5
5,Pathway_Proliferation,0.0,5.5
5,Pathway_DNA_Repair,0.0007225433526011349,2.0
5,Pathway_Metabolism,0.0,5.5
5,Pathway_Stromal_EMT,0.0,5.5
5,Pathway_Apoptosis_Stress,0.0,5.5
5,Pathway_Hormone,0.09248554913294793,1.0
5,age_at_dx,-0.0700867052023122,9.0
5,stage_ordinal,0.0,5.5
6,Pathway_Immune,-0.017735334242837686,9.0
6,Pathway_Proliferation,0.0,4.5
6,Pathway_DNA_Repair,-0.0013642564802183177,7.0
6,Pathway_Metabolism,0.0,4.5
6,Pathway_Stromal_EMT,-0.00545702592087316,8.0
6,Pathway_Apoptosis_Stress,0.0,4.5
6,Pathway_Hormone,0.054570259208731264,1.0
6,age_at_dx,0.026603001364256473,2.0
6,stage_ordinal,0.0,4.5
7,Pathway_Immune,-0.01911314984709478,7.0
7,Pathway_Proliferation,0.0,3.5
7,Pathway_DNA_Repair,-0.03822629969418956,9.0
7,Pathway_Metabolism,0.0,3.5
7,Pathway_Stromal_EMT,0.0,3.5
7,Pathway_Apoptosis_Stress,0.0,3.5
7,Pathway_Hormone,0.09174311926605505,1.0
7,age_at_dx,-0.000764525993883769,6.0
7,stage_ordinal,-0.025993883792048922,8.0
8,Pathway_Immune,-0.002106741573033699,8.0
8,Pathway_Proliferation,0.0,6.0
8,Pathway_DNA_Repair,0.0407303370786517,1.0
8,Pathway_Metabolism,0.0,6.0
8,Pathway_Stromal_EMT,-0.016151685393258397,9.0
8,Pathway_Apoptosis_Stress,0.0,6.0
8,Pathway_Hormone,0.011235955056179803,3.0
8,age_at_dx,0.0393258426966292,2.0
8,stage_ordinal,0.0077247191011236005,4.0
9,Pathway_Immune,0.0,5.5
9,Pathway_Proliferation,0.0,5.5
9,Pathway_DNA_Repair,0.03294289897510971,3.0
9,Pathway_Metabolism,-0.0065885797950220315,8.0
9,Pathway_Stromal_EMT,-0.01024890190336758,9.0
9,Pathway_Apoptosis_Stress,0.0,5.5
9,Pathway_Hormone,0.04904831625183015,2.0
9,age_at_dx,0.08052708638360173,1.0
9,stage_ordinal,0.0,5.5
10,Pathway_Immune,-0.01577287066246058,8.5
10,Pathway_Proliferation,0.0,6.0
10,Pathway_DNA_Repair,0.0331230283911671,3.0
10,Pathway_Metabolism,0.0,6.0
10,Pathway_Stromal_EMT,-0.01577287066246058,8.5
10,Pathway_Apoptosis_Stress,0.0,6.0
10,Pathway_Hormone,0.05126182965299675,2.0
10,age_at_dx,0.08753943217665605,1.0
10,stage_ordinal,0.019716088328075698,4.0
11,Pathway_Immune,0.0,5.5
11,Pathway_Proliferation,0.0,5.5
11,Pathway_DNA_Repair,-0.05475504322766567,9.0
11,Pathway_Metabolism,0.0,5.5
11,Pathway_Stromal_EMT,-0.007204610951008661,8.0
11,Pathway_Apoptosis_Stress,0.0,5.5
11,Pathway_Hormone,0.06988472622478381,1.0
11,age_at_dx,0.033141210374639796,3.0
11,stage_ordinal,0.03458213256484144,2.0
12,Pathway_Immune,0.0,6.5
12,Pathway_Proliferation,0.011695906432748537,4.0
12,Pathway_DNA_Repair,0.027046783625730986,2.0
12,Pathway_Metabolism,0.0,6.5
12,Pathway_Stromal_EMT,0.0,6.5
12,Pathway_Apoptosis_Stress,-0.06067251461988299,9.0
12,Pathway_Hormone,0.06140350877192979,1.0
12,age_at_dx,0.023391812865497075,3.0
12,stage_ordinal,0.0,6.5
13,Pathway_Immune,0.0,6.5
13,Pathway_Proliferation,0.0,6.5
13,Pathway_DNA_Repair,0.010822510822510734,3.0
13,Pathway_Metabolism,0.0,6.5
13,Pathway_Stromal_EMT,0.0,6.5
13,Pathway_Apoptosis_Stress,0.0,6.5
13,Pathway_Hormone,0.1507936507936508,1.0
13,age_at_dx,0.0505050505050505,2.0
13,stage_ordinal,0.0,6.5
14,Pathway_Immune,0.0007530120481927804,4.0
14,Pathway_Proliferation,0.0,6.5
14,Pathway_DNA_Repair,0.01882530120481929,3.0
14,Pathway_Metabolism,0.0,6.5
14,Pathway_Stromal_EMT,-0.0007530120481927804,9.0
14,Pathway_Apoptosis_Stress,0.0,6.5
14,Pathway_Hormone,0.08358433734939763,1.0
14,age_at_dx,0.05572289156626509,2.0
14,stage_ordinal,0.0,6.5
15,Pathway_Immune,0.0,7.5
15,Pathway_Proliferation,0.008040935672514626,5.0
15,Pathway_DNA_Repair,0.05409356725146197,3.0
15,Pathway_Metabolism,0.0,7.5
15,Pathway_Stromal_EMT,0.0,7.5
15,Pathway_Apoptosis_Stress,0.0,7.5
15,Pathway_Hormone,0.1103801169590643,1.0
15,age_at_dx,0.06652046783625731,2.0
15,stage_ordinal,0.019736842105263164,4.0
16,Pathway_Immune,0.0,5.0
16,Pathway_Proliferation,0.0,5.0
16,Pathway_DNA_Repair,-0.0557971014492753,9.0
16,Pathway_Metabolism,-0.02681159420289858,8.0
16,Pathway_Stromal_EMT,0.0,5.0
16,Pathway_Apoptosis_Stress,0.0,5.0
16,Pathway_Hormone,0.0644927536231884,1.0
16,age_at_dx,0.023913043478260898,2.0
16,stage_ordinal,0.0,5.0
17,Pathway_Immune,0.0,6.0
17,Pathway_Proliferation,-0.002245508982035904,8.0
17,Pathway_DNA_Repair,0.02020958083832336,3.0
17,Pathway_Metabolism,-0.005988023952095856,9.0
17,Pathway_Stromal_EMT,0.0052395209580837765,4.0
17,Pathway_Apoptosis_Stress,0.0,6.0
17,Pathway_Hormone,0.03742514970059874,2.0
17,age_at_dx,0.07634730538922152,1.0
17,stage_ordinal,0.0,6.0
18,Pathway_Immune,0.0,6.0
18,Pathway_Proliferation,-0.010294117647058787,9.0
18,Pathway_DNA_Repair,0.026470588235294135,3.0
18,Pathway_Metabolism,0.0,6.0
18,Pathway_Stromal_EMT,0.0,6.0
18,Pathway_Apoptosis_Stress,0.0,6.0
18,Pathway_Hormone,0.05294117647058827,2.0
18,age_at_dx,0.12720588235294117,1.0
18,stage_ordinal,0.0,6.0
19,Pathway_Immune,0.0,6.0
19,Pathway_Proliferation,0.0021994134897360684,3.0
19,Pathway_DNA_Repair,-0.01026392961876832,9.0
19,Pathway_Metabolism,0.0,6.0
19,Pathway_Stromal_EMT,0.0,6.0
19,Pathway_Apoptosis_Stress,0.0,6.0
19,Pathway_Hormone,0.08431085043988273,1.0
19,age_at_dx,0.030791788856304958,2.0
19,stage_ordinal,0.0,6.0
20,Pathway_Immune,0.0,6.0
20,Pathway_Proliferation,0.0079825834542816,3.0
20,Pathway_DNA_Repair,-0.036284470246734424,9.0
20,Pathway_Metabolism,0.0,6.0
20,Pathway_Stromal_EMT,0.0,6.0
20,Pathway_Apoptosis_Stress,0.0,6.0
20,Pathway_Hormone,0.07837445573294632,1.0
20,age_at_dx,0.02394775036284469,2.0
20,stage_ordinal,0.0,6.0
21,Pathway_Immune,0.0,6.5
21,Pathway_Proliferation,0.0035360678925036026,3.5
21,Pathway_DNA_Repair,0.026874115983026914,1.0
21,Pathway_Metabolism,-0.05516265912305507,9.0
21,Pathway_Stromal_EMT,0.0,6.5
21,Pathway_Apoptosis_Stress,0.0,6.5
21,Pathway_Hormone,0.0035360678925036026,3.5
21,age_at_dx,0.020509193776520607,2.0
21,stage_ordinal,0.0,6.5
22,Pathway_Immune,-0.0052631578947368585,7.0
22,Pathway_Proliferation,-0.018045112781954975,9.0
22,Pathway_DNA_Repair,-0.009774436090225658,8.0
22,Pathway_Metabolism,0.0,3.0
22,Pathway_Stromal_EMT,-0.004511278195488799,6.0
22,Pathway_Apoptosis_Stress,0.0,3.0
22,Pathway_Hormone,0.1526315789473684,1.0
22,age_at_dx,-0.00300751879699257,5.0
22,stage_ordinal,0.0,3.0
23,Pathway_Immune,-0.0515759312320917,9.0
23,Pathway_Proliferation,0.0,4.5
23,Pathway_DNA_Repair,-0.028653295128939882,8.0
23,Pathway_Metabolism,0.0,4.5
23,Pathway_Stromal_EMT,-0.01002865329512892,7.0
23,Pathway_Apoptosis_Stress,0.0,4.5
23,Pathway_Hormone,0.09455587392550141,1.0
23,age_at_dx,0.02077363896848139,2.0
23,stage_ordinal,0.0,4.5
24,Pathway_Immune,0.0,5.0
24,Pathway_Proliferation,0.0,5.0
24,Pathway_DNA_Repair,0.03626543209876543,2.0
24,Pathway_Metabolism,0.0,5.0
24,Pathway_Stromal_EMT,-0.03626543209876554,9.0
24,Pathway_Apoptosis_Stress,0.0,5.0
24,Pathway_Hormone,0.05555555555555547,1.0
24,age_at_dx,-0.028549382716049454,8.0
24,stage_ordinal,0.0,5.0
25,Pathway_Immune,-0.01849217638691314,9.0
25,Pathway_Proliferation,0.0,5.0
25,Pathway_DNA_Repair,-0.014224751066856278,8.0
25,Pathway_Metabolism,0.002133712660028486,3.0
25,Pathway_Stromal_EMT,-0.0035561877667140696,7.0
25,Pathway_Apoptosis_Stress,0.0,5.0
25,Pathway_Hormone,0.10739687055476532,1.0
25,age_at_dx,0.04054054054054057,2.0
25,stage_ordinal,0.0,5.0
26,Pathway_Immune,0.0,7.0
26,Pathway_Proliferation,0.0,7.0
26,Pathway_DNA_Repair,0.056053811659192876,3.0
26,Pathway_Metabolism,0.0,7.0
26,Pathway_Stromal_EMT,0.006726457399103158,4.0
26,Pathway_Apoptosis_Stress,0.0,7.0
26,Pathway_Hormone,0.09491778774289983,2.0
26,age_at_dx,0.09566517189835577,1.0
26,stage_ordinal,0.0,7.0
27,Pathway_Immune,-0.021828103683492528,9.0
27,Pathway_Proliferation,0.0,5.5
27,Pathway_DNA_Repair,-0.00545702592087316,8.0
27,Pathway_Metabolism,0.0,5.5
27,Pathway_Stromal_EMT,0.0027285129604365244,3.0
27,Pathway_Apoptosis_Stress,0.0,5.5
27,Pathway_Hormone,0.13437926330150068,1.0
27,age_at_dx,0.038881309686221055,2.0
27,stage_ordinal,0.0,5.5
28,Pathway_Immune,0.0,5.5
28,Pathway_Proliferation,0.0,5.5
28,Pathway_DNA_Repair,0.028000000000000025,2.0
28,Pathway_Metabolism,0.0,5.5
28,Pathway_Stromal_EMT,0.0,5.5
28,Pathway_Apoptosis_Stress,0.0,5.5
28,Pathway_Hormone,0.0504,1.0
28,age_at_dx,-0.07279999999999998,9.0
28,stage_ordinal,0.0,5.5
29,Pathway_Immune,0.014307228915662606,4.0
29,Pathway_Proliferation,0.017319277108433728,2.0
29,Pathway_DNA_Repair,0.016566265060240948,3.0
29,Pathway_Metabolism,0.0,6.5
29,Pathway_Stromal_EMT,0.0,6.5
29,Pathway_Apoptosis_Stress,0.0,6.5
29,Pathway_Hormone,-0.006024096385542244,9.0
29,age_at_dx,0.15662650602409633,1.0
29,stage_ordinal,0.0,6.5
30,Pathway_Immune,0.0,7.0
30,Pathway_Proliferation,0.0,7.0
30,Pathway_DNA_Repair,0.04398826979472137,2.0
30,Pathway_Metabolism,0.01832844574780057,3.0
30,Pathway_Stromal_EMT,0.0,7.0
30,Pathway_Apoptosis_Stress,0.0,7.0
30,Pathway_Hormone,0.1055718475073314,1.0
30,age_at_dx,0.0014662756598240456,4.0
30,stage_ordinal,0.0,7.0
31,Pathway_Immune,0.0,5.5
31,Pathway_Proliferation,0.0,5.5
31,Pathway_DNA_Repair,0.06414219474497684,2.0
31,Pathway_Metabolism,-0.06027820710973719,9.0
31,Pathway_Stromal_EMT,-0.009273570324574987,8.0
31,Pathway_Apoptosis_Stress,0.0,5.5
31,Pathway_Hormone,0.07959814528593512,1.0
31,age_at_dx,0.030139103554868596,3.0
31,stage_ordinal,0.0,5.5
32,Pathway_Immune,0.0,5.5
32,Pathway_Proliferation,0.0,5.5
32,Pathway_DNA_Repair,0.016016713091921986,3.0
32,Pathway_Metabolism,-0.013231197771587766,8.0
32,Pathway_Stromal_EMT,-0.030640668523676973,9.0
32,Pathway_Apoptosis_Stress,0.0,5.5
32,Pathway_Hormone,0.06197771587743728,1.0
32,age_at_dx,0.05640668523676873,2.0
32,stage_ordinal,0.0,5.5
33,Pathway_Immune,0.0,3.5
33,Pathway_Proliferation,-0.005822416302765698,7.0
33,Pathway_DNA_Repair,-0.011644832605531397,8.0
33,Pathway_Metabolism,-0.0029112081513829047,6.0
33,Pathway_Stromal_EMT,0.0,3.5
33,Pathway_Apoptosis_Stress,0.0,3.5
33,Pathway_Hormone,0.10698689956331875,1.0
33,age_at_dx,-0.021106259097525504,9.0
33,stage_ordinal,0.0,3.5
34,Pathway_Immune,0.01739788199697434,3.0
34,Pathway_Proliferation,-0.006051437216338829,9.0
34,Pathway_DNA_Repair,0.008320726172466042,4.0
34,Pathway_Metabolism,0.0,7.0
34,Pathway_Stromal_EMT,0.0037821482602118373,5.0
34,Pathway_Apoptosis_Stress,0.0,7.0
34,Pathway_Hormone,0.06656580937972767,1.0
34,age_at_dx,0.04084720121028751,2.0
34,stage_ordinal,0.0,7.0
35,Pathway_Immune,0.0,7.5
35,Pathway_Proliferation,0.0,7.5
35,Pathway_DNA_Repair,0.03687943262411353,2.0
35,Pathway_Metabolism,0.0028368794326241176,5.0
35,Pathway_Stromal_EMT,0.0,7.5
35,Pathway_Apoptosis_Stress,0.0,7.5
35,Pathway_Hormone,0.004255319148936176,4.0
35,age_at_dx,0.052482269503546175,1.0
35,stage_ordinal,0.03262411347517735,3.0
36,Pathway_Immune,0.0,6.0
36,Pathway_Proliferation,0.0,6.0
36,Pathway_DNA_Repair,0.025107604017216678,2.0
36,Pathway_Metabolism,0.0,6.0
36,Pathway_Stromal_EMT,0.0,6.0
36,Pathway_Apoptosis_Stress,0.0,6.0
36,Pathway_Hormone,0.023672883787661414,3.0
36,age_at_dx,0.050215208034433245,1.0
36,stage_ordinal,-0.019368723098995733,9.0
37,Pathway_Immune,-0.03046062407132233,9.0
37,Pathway_Proliferation,0.002971768202080338,5.0
37,Pathway_DNA_Repair,0.021545319465081758,2.0
37,Pathway_Metabolism,-0.0022288261515601704,7.0
37,Pathway_Stromal_EMT,0.0,6.0
37,Pathway_Apoptosis_Stress,-0.012630014858840966,8.0
37,Pathway_Hormone,0.10624071322436857,1.0
37,age_at_dx,0.020059435364041645,3.0
37,stage_ordinal,0.005943536404160565,4.0
38,Pathway_Immune,0.0,5.0
38,Pathway_Proliferation,0.0,5.0
38,Pathway_DNA_Repair,0.0007485029940119681,2.0
38,Pathway_Metabolism,-0.013473053892215536,9.0
38,Pathway_Stromal_EMT,0.0,5.0
38,Pathway_Apoptosis_Stress,0.0,5.0
38,Pathway_Hormone,-0.0029940119760478723,8.0
38,age_at_dx,0.05239520958083832,1.0
38,stage_ordinal,0.0,5.0
39,Pathway_Immune,-0.00630252100840345,9.0
39,Pathway_Proliferation,0.0,6.0
39,Pathway_DNA_Repair,0.1029411764705882,2.0
39,Pathway_Metabolism,0.0,6.0
39,Pathway_Stromal_EMT,0.0,6.0
39,Pathway_Apoptosis_Stress,0.0,6.0
39,Pathway_Hormone,0.14075630252100835,1.0
39,age_at_dx,0.03711484593837533,3.0
39,stage_ordinal,0.0,6.0
40,Pathway_Immune,0.0,6.0
40,Pathway_Proliferation,0.0,6.0
40,Pathway_DNA_Repair,0.007628294036061023,3.0
40,Pathway_Metabolism,-0.029126213592232997,9.0
40,Pathway_Stromal_EMT,0.0,6.0
40,Pathway_Apoptosis_Stress,0.0,6.0
40,Pathway_Hormone,0.04993065187239942,1.0
40,age_at_dx,0.049237170596393875,2.0
40,stage_ordinal,0.0,6.0
41,Pathway_Immune,0.0,7.0
41,Pathway_Proliferation,0.038514442916093516,2.0
41,Pathway_DNA_Repair,0.0398899587345255,1.0
41,Pathway_Metabolism,0.0,7.0
41,Pathway_Stromal_EMT,0.0,7.0
41,Pathway_Apoptosis_Stress,0.0,7.0
41,Pathway_Hormone,0.03438789546079779,3.0
41,age_at_dx,0.024759284731774467,4.0
41,stage_ordinal,0.0,7.0
42,Pathway_Immune,0.0,5.0
42,Pathway_Proliferation,0.0,5.0
42,Pathway_DNA_Repair,0.010729613733905574,2.0
42,Pathway_Metabolism,0.0,5.0
42,Pathway_Stromal_EMT,-0.015736766809728242,9.0
42,Pathway_Apoptosis_Stress,0.0,5.0
42,Pathway_Hormone,0.022889842632331847,1.0
42,age_at_dx,-0.0007153075822604604,8.0
42,stage_ordinal,0.0,5.0
43,Pathway_Immune,0.0,6.0
43,Pathway_Proliferation,0.02350427350427342,2.0
43,Pathway_DNA_Repair,0.0,6.0
43,Pathway_Metabolism,0.0,6.0
43,Pathway_Stromal_EMT,0.0,6.0
43,Pathway_Apoptosis_Stress,0.0,6.0
43,Pathway_Hormone,-0.03276353276353283,9.0
43,age_at_dx,0.03561253561253552,1.0
43,stage_ordinal,0.019230769230769162,3.0
44,Pathway_Immune,0.0,6.0
44,Pathway_Proliferation,0.0,6.0
44,Pathway_DNA_Repair,0.020995334370140006,3.0
44,Pathway_Metabolism,0.0,6.0
44,Pathway_Stromal_EMT,-0.024105754276827374,9.0
44,Pathway_Apoptosis_Stress,0.0,6.0
44,Pathway_Hormone,0.06687402799377917,2.0
44,age_at_dx,0.06920684292379475,1.0
44,stage_ordinal,0.0,6.0
45,Pathway_Immune,0.0,5.0
45,Pathway_Proliferation,-0.014242878560719596,8.0
45,Pathway_DNA_Repair,-0.011244377811094441,7.0
45,Pathway_Metabolism,0.0,5.0
45,Pathway_Stromal_EMT,-0.039730134932533745,9.0
45,Pathway_Apoptosis_Stress,0.0,5.0
45,Pathway_Hormone,0.09445277361319343,1.0
45,age_at_dx,0.038980509745127456,2.0
45,stage_ordinal,0.008245877061469287,3.0
46,Pathway_Immune,0.0,6.5
46,Pathway_Proliferation,0.022727272727272707,4.0
46,Pathway_DNA_Repair,0.02639296187683282,3.0
46,Pathway_Metabolism,0.0,6.5
46,Pathway_Stromal_EMT,-0.008064516129032251,9.0
46,Pathway_Apoptosis_Stress,0.0,6.5
46,Pathway_Hormone,0.1378299120234604,1.0
46,age_at_dx,0.08797653958944285,2.0
46,stage_ordinal,0.0,6.5
47,Pathway_Immune,0.0,4.5
47,Pathway_Proliferation,0.0,4.5
47,Pathway_DNA_Repair,0.029680365296803624,2.0
47,Pathway_Metabolism,-0.006849315068493178,9.0
47,Pathway_Stromal_EMT,-0.0022831050228310223,7.0
47,Pathway_Apoptosis_Stress,0.0,4.5
47,Pathway_Hormone,0.044140030441400246,1.0
47,age_at_dx,-0.003805175038051778,8.0
47,stage_ordinal,0.0,4.5
48,Pathway_Immune,0.0,6.0
48,Pathway_Proliferation,0.0,6.0
48,Pathway_DNA_Repair,-0.058295964125560484,9.0
48,Pathway_Metabolism,0.0,6.0
48,Pathway_Stromal_EMT,0.0,6.0
48,Pathway_Apoptosis_Stress,0.0,6.0
48,Pathway_Hormone,0.1360239162929746,1.0
48,age_at_dx,0.017937219730941756,3.0
48,stage_ordinal,0.020926756352765308,2.0
49,Pathway_Immune,0.0,5.0
49,Pathway_Proliferation,0.0,5.0
49,Pathway_DNA_Repair,0.023706896551724088,2.0
49,Pathway_Metabolism,0.0,5.0
49,Pathway_Stromal_EMT,-0.0035919540229885083,9.0
49,Pathway_Apoptosis_Stress,0.0,5.0
49,Pathway_Hormone,0.033764367816091934,1.0
49,age_at_dx,-0.0021551724137931494,8.0
49,stage_ordinal,0.0,5.0
50,Pathway_Immune,-0.004310344827586188,7.0
50,Pathway_Proliferation,0.0,4.5
50,Pathway_DNA_Repair,-0.005747126436781658,8.0
50,Pathway_Metabolism,0.0,4.5
50,Pathway_Stromal_EMT,-0.010057471264367845,9.0
50,Pathway_Apoptosis_Stress,0.0,4.5
50,Pathway_Hormone,0.0818965517241379,2.0
50,age_at_dx,0.14295977011494254,1.0
50,stage_ordinal,0.0,4.5
51,Pathway_Immune,0.0,6.0
51,Pathway_Proliferation,0.0,6.0
51,Pathway_DNA_Repair,-0.0276967930029155,9.0
51,Pathway_Metabolism,0.0,6.0
51,Pathway_Stromal_EMT,0.0,6.0
51,Pathway_Apoptosis_Stress,0.0,6.0
51,Pathway_Hormone,0.04373177842565601,1.0
51,age_at_dx,0.030612244897959107,2.0
51,stage_ordinal,0.005830903790087438,3.0
52,Pathway_Immune,0.0,6.0
52,Pathway_Proliferation,0.0,6.0
52,Pathway_DNA_Repair,-0.045189504373177924,9.0
52,Pathway_Metabolism,0.0,6.0
52,Pathway_Stromal_EMT,0.004373177842565523,3.0
52,Pathway_Apoptosis_Stress,0.0,6.0
52,Pathway_Hormone,0.11297376093294453,1.0
52,age_at_dx,0.042274052478134094,2.0
52,stage_ordinal,0.0,6.0
53,Pathway_Immune,0.0,5.0
53,Pathway_Proliferation,-0.0061823802163832875,7.0
53,Pathway_DNA_Repair,0.028593508500772802,2.0
53,Pathway_Metabolism,-0.030139103554868596,8.0
53,Pathway_Stromal_EMT,-0.08191653786707875,9.0
53,Pathway_Apoptosis_Stress,0.0,5.0
53,Pathway_Hormone,0.1228748068006183,1.0
53,age_at_dx,0.02782071097372496,3.0
53,stage_ordinal,0.0,5.0
54,Pathway_Immune,0.0,6.5
54,Pathway_Proliferation,0.005822416302765587,4.0
54,Pathway_DNA_Repair,-0.02547307132459975,9.0
54,Pathway_Metabolism,0.0,6.5
54,Pathway_Stromal_EMT,0.008005822416302766,3.0
54,Pathway_Apoptosis_Stress,0.0,6.5
54,Pathway_Hormone,0.11644832605531291,1.0
54,age_at_dx,0.011644832605531286,2.0
54,stage_ordinal,0.0,6.5
55,Pathway_Immune,0.0,5.5
55,Pathway_Proliferation,0.0,5.5
55,Pathway_DNA_Repair,-0.031013615733736732,9.0
55,Pathway_Metabolism,0.0,5.5
55,Pathway_Stromal_EMT,-0.021936459909228434,8.0
55,Pathway_Apoptosis_Stress,0.0,5.5
55,Pathway_Hormone,0.01739788199697434,2.0
55,age_at_dx,0.031013615733736732,1.0
55,stage_ordinal,0.0113464447806354,3.0
56,Pathway_Immune,0.0,6.0
56,Pathway_Proliferation,0.0,6.0
56,Pathway_DNA_Repair,0.06506364922206498,1.0
56,Pathway_Metabolism,-0.00777934936350777,9.0
56,Pathway_Stromal_EMT,0.0,6.0
56,Pathway_Apoptosis_Stress,0.0,6.0
56,Pathway_Hormone,0.05940594059405935,2.0
56,age_at_dx,0.03960396039603953,3.0
56,stage_ordinal,0.0,6.0
57,Pathway_Immune,0.0,6.0
57,Pathway_Proliferation,0.0,6.0
57,Pathway_DNA_Repair,0.04813218390804608,1.0
57,Pathway_Metabolism,0.0,6.0
57,Pathway_Stromal_EMT,0.0,6.0
57,Pathway_Apoptosis_Stress,0.0,6.0
57,Pathway_Hormone,0.031609195402298895,3.0
57,age_at_dx,0.035201149425287404,2.0
57,stage_ordinal,-0.03448275862068961,9.0
58,Pathway_Immune,0.0,7.0
58,Pathway_Proliferation,0.0,7.0
58,Pathway_DNA_Repair,0.035220994475138045,2.0
58,Pathway_Metabolism,0.0,7.0
58,Pathway_Stromal_EMT,0.0,7.0
58,Pathway_Apoptosis_Stress,0.0,7.0
58,Pathway_Hormone,0.015193370165745845,4.0
58,age_at_dx,0.10428176795580102,1.0
58,stage_ordinal,0.018646408839778972,3.0
59,Pathway_Immune,0.0,5.5
59,Pathway_Proliferation,0.0,5.5
59,Pathway_DNA_Repair,0.06321839080459768,1.0
59,Pathway_Metabolism,0.0,5.5
59,Pathway_Stromal_EMT,-0.013649425287356354,8.0
59,Pathway_Apoptosis_Stress,0.0,5.5
59,Pathway_Hormone,0.04238505747126431,2.0
59,age_at_dx,-0.0237068965517242,9.0
59,stage_ordinal,0.007902298850574696,3.0
60,Pathway_Immune,-0.023099850968703373,9.0
60,Pathway_Proliferation,0.0,5.5
60,Pathway_DNA_Repair,0.008196721311475419,3.0
60,Pathway_Metabolism,0.0,5.5
60,Pathway_Stromal_EMT,-0.01788375558867361,8.0
60,Pathway_Apoptosis_Stress,0.0,5.5
60,Pathway_Hormone,0.05067064083457529,1.0
60,age_at_dx,0.047690014903129685,2.0
60,stage_ordinal,0.0,5.5
61,Pathway_Immune,-0.001506024096385561,9.0
61,Pathway_Proliferation,0.0,6.5
61,Pathway_DNA_Repair,0.04894578313253006,2.0
61,Pathway_Metabolism,0.0,6.5
61,Pathway_Stromal_EMT,0.0,6.5
61,Pathway_Apoptosis_Stress,0.0,6.5
61,Pathway_Hormone,0.006777108433734913,4.0
61,age_at_dx,0.07530120481927716,1.0
61,stage_ordinal,0.012048192771084376,3.0
62,Pathway_Immune,0.0,7.0
62,Pathway_Proliferation,0.0,7.0
62,Pathway_DNA_Repair,0.023088023088023157,3.0
62,Pathway_Metabolism,0.0,7.0
62,Pathway_Stromal_EMT,0.0,7.0
62,Pathway_Apoptosis_Stress,0.0,7.0
62,Pathway_Hormone,0.06998556998557004,1.0
62,age_at_dx,0.0014430014430014682,4.0
62,stage_ordinal,0.038961038961038974,2.0
63,Pathway_Immune,0.0,6.5
63,Pathway_Proliferation,0.0,6.5
63,Pathway_DNA_Repair,0.025067750677506773,2.0
63,Pathway_Metabolism,0.0,6.5
63,Pathway_Stromal_EMT,0.0,6.5
63,Pathway_Apoptosis_Stress,0.0,6.5
63,Pathway_Hormone,0.06504065040650409,1.0
63,age_at_dx,0.014227642276422703,3.0
63,stage_ordinal,0.0,6.5
64,Pathway_Immune,0.0,6.0
64,Pathway_Proliferation,0.0,6.0
64,Pathway_DNA_Repair,0.007451564828613977,3.0
64,Pathway_Metabolism,0.0,6.0
64,Pathway_Stromal_EMT,-0.037257824143070106,9.0
64,Pathway_Apoptosis_Stress,0.0,6.0
64,Pathway_Hormone,0.10357675111773468,1.0
64,age_at_dx,0.0842026825633383,2.0
64,stage_ordinal,0.0,6.0
65,Pathway_Immune,-0.019914651493598834,9.0
65,Pathway_Proliferation,0.0,5.0
65,Pathway_DNA_Repair,-0.007823613086771042,8.0
65,Pathway_Metabolism,0.0,5.0
65,Pathway_Stromal_EMT,0.0,5.0
65,Pathway_Apoptosis_Stress,0.0,5.0
65,Pathway_Hormone,0.10597439544807963,1.0
65,age_at_dx,0.039118065433854876,2.0
65,stage_ordinal,0.0,5.0
66,Pathway_Immune,0.0,5.5
66,Pathway_Proliferation,0.0,5.5
66,Pathway_DNA_Repair,-0.0429184549356223,9.0
66,Pathway_Metabolism,0.0,5.5
66,Pathway_Stromal_EMT,0.0,5.5
66,Pathway_Apoptosis_Stress,0.0,5.5
66,Pathway_Hormone,0.030758226037196024,1.0
66,age_at_dx,0.010729613733905574,2.0
66,stage_ordinal,0.0,5.5
67,Pathway_Immune,0.0,8.0
67,Pathway_Proliferation,0.008450704225352101,4.0
67,Pathway_DNA_Repair,0.030985915492957705,3.0
67,Pathway_Metabolism,0.0,8.0
67,Pathway_Stromal_EMT,0.0021126760563380254,6.0
67,Pathway_Apoptosis_Stress,0.0,8.0
67,Pathway_Hormone,0.07816901408450705,1.0
67,age_at_dx,0.04295774647887318,2.0
67,stage_ordinal,0.004225352112676051,5.0
68,Pathway_Immune,0.0,5.5
68,Pathway_Proliferation,0.0,5.5
68,Pathway_DNA_Repair,0.0823943661971831,2.0
68,Pathway_Metabolism,-0.02746478873239433,9.0
68,Pathway_Stromal_EMT,0.0,5.5
68,Pathway_Apoptosis_Stress,0.0,5.5
68,Pathway_Hormone,0.14577464788732397,1.0
68,age_at_dx,-0.013380281690140827,8.0
68,stage_ordinal,0.057042253521126796,3.0
69,Pathway_Immune,-0.0038402457757296116,7.0
69,Pathway_Proliferation,-0.006144393241167445,8.0
69,Pathway_DNA_Repair,0.01228878648233489,3.0
69,Pathway_Metabolism,-0.013824884792626668,9.0
69,Pathway_Stromal_EMT,0.0,5.0
69,Pathway_Apoptosis_Stress,0.0,5.0
69,Pathway_Hormone,0.03149001536098317,2.0
69,age_at_dx,0.09523809523809523,1.0
69,stage_ordinal,0.0,5.0
70,Pathway_Immune,0.022366522366522368,4.0
70,Pathway_Proliferation,0.005772005772005762,5.0
70,Pathway_DNA_Repair,0.06204906204906202,3.0
70,Pathway_Metabolism,0.0,7.5
70,Pathway_Stromal_EMT,0.0,7.5
70,Pathway_Apoptosis_Stress,0.0,7.5
70,Pathway_Hormone,0.07503607503607501,2.0
70,age_at_dx,0.07720057720057716,1.0
70,stage_ordinal,0.0,7.5
71,Pathway_Immune,0.0,5.0
71,Pathway_Proliferation,-0.00417827298050133,7.0
71,Pathway_DNA_Repair,0.04805013927576607,1.0
71,Pathway_Metabolism,0.0,5.0
71,Pathway_Stromal_EMT,0.024373259052924756,2.0
71,Pathway_Apoptosis_Stress,0.0,5.0
71,Pathway_Hormone,0.0006963788300835549,3.0
71,age_at_dx,-0.08495821727019492,9.0
71,stage_ordinal,-0.04178272980501396,8.0
72,Pathway_Immune,0.0,6.0
72,Pathway_Proliferation,0.0,6.0
72,Pathway_DNA_Repair,0.04072398190045251,2.0
72,Pathway_Metabolism,0.0,6.0
72,Pathway_Stromal_EMT,0.0,6.0
72,Pathway_Apoptosis_Stress,0.0,6.0
72,Pathway_Hormone,0.04524886877828055,1.0
72,age_at_dx,-0.0015082956259426794,9.0
72,stage_ordinal,0.01659125188536953,3.0
73,Pathway_Immune,0.0,4.5
73,Pathway_Proliferation,-0.01940993788819878,8.0
73,Pathway_DNA_Repair,0.0318322981366459,2.0
73,Pathway_Metabolism,0.0,4.5
73,Pathway_Stromal_EMT,-0.017857142857142905,7.0
73,Pathway_Apoptosis_Stress,0.0,4.5
73,Pathway_Hormone,0.07841614906832295,1.0
73,age_at_dx,-0.02329192546583858,9.0
73,stage_ordinal,0.0,4.5
74,Pathway_Immune,0.0,4.5
74,Pathway_Proliferation,0.0,4.5
74,Pathway_DNA_Repair,-0.021008403361344574,9.0
74,Pathway_Metabolism,0.0,4.5
74,Pathway_Stromal_EMT,0.0,4.5
74,Pathway_Apoptosis_Stress,0.0,4.5
74,Pathway_Hormone,0.039215686274509776,1.0
74,age_at_dx,-0.0007002801120448154,8.0
74,stage_ordinal,0.0,4.5
75,Pathway_Immune,0.011737089201877882,4.5
75,Pathway_Proliferation,0.00391236306729259,6.0
75,Pathway_DNA_Repair,0.017996870109546093,3.0
75,Pathway_Metabolism,0.0,8.0
75,Pathway_Stromal_EMT,0.0,8.0
75,Pathway_Apoptosis_Stress,0.0,8.0
75,Pathway_Hormone,0.1502347417840375,1.0
75,age_at_dx,0.011737089201877882,4.5
75,stage_ordinal,0.04303599374021905,2.0
76,Pathway_Immune,0.0,7.0
76,Pathway_Proliferation,0.0,7.0
76,Pathway_DNA_Repair,0.0007656967840735662,4.0
76,Pathway_Metabolism,0.0,7.0
76,Pathway_Stromal_EMT,0.0,7.0
76,Pathway_Apoptosis_Stress,0.0,7.0
76,Pathway_Hormone,0.03369065849923436,1.0
76,age_at_dx,0.029862174578866862,2.0
76,stage_ordinal,0.029096477794793296,3.0
77,Pathway_Immune,0.0,7.5
77,Pathway_Proliferation,0.005247376311844021,6.0
77,Pathway_DNA_Repair,0.03598200899550219,3.0
77,Pathway_Metabolism,-0.0007496251874063997,9.0
77,Pathway_Stromal_EMT,0.02473763118440775,4.0
77,Pathway_Apoptosis_Stress,0.0,7.5
77,Pathway_Hormone,0.09145427286356822,1.0
77,age_at_dx,0.06971514242878551,2.0
77,stage_ordinal,0.021739130434782594,5.0
78,Pathway_Immune,0.0,6.5
78,Pathway_Proliferation,0.002161383285302576,4.0
78,Pathway_DNA_Repair,0.03746397694524495,1.0
78,Pathway_Metabolism,0.0,6.5
78,Pathway_Stromal_EMT,0.0,6.5
78,Pathway_Apoptosis_Stress,0.0,6.5
78,Pathway_Hormone,0.0036023054755043304,3.0
78,age_at_dx,-0.0057636887608069065,9.0
78,stage_ordinal,0.03386167146974062,2.0
79,Pathway_Immune,0.0,7.0
79,Pathway_Proliferation,0.0,7.0
79,Pathway_DNA_Repair,0.008968609865470767,4.0
79,Pathway_Metabolism,0.0,7.0
79,Pathway_Stromal_EMT,0.0,7.0
79,Pathway_Apoptosis_Stress,0.0,7.0
79,Pathway_Hormone,0.04484304932735417,2.0
79,age_at_dx,0.0642750373692077,1.0
79,stage_ordinal,0.023168908819133027,3.0
80,Pathway_Immune,0.0,8.0
80,Pathway_Proliferation,0.0,8.0
80,Pathway_DNA_Repair,0.0015649452269170805,5.5
80,Pathway_Metabolism,0.0015649452269170805,5.5
80,Pathway_Stromal_EMT,0.0046948356807512415,4.0
80,Pathway_Apoptosis_Stress,0.0,8.0
80,Pathway_Hormone,0.030516431924882625,3.0
80,age_at_dx,0.03755868544600938,2.0
80,stage_ordinal,0.0579029733959312,1.0
81,Pathway_Immune,-0.009036144578313254,7.0
81,Pathway_Proliferation,0.0,4.5
81,Pathway_DNA_Repair,-0.07981927710843373,9.0
81,Pathway_Metabolism,0.0,4.5
81,Pathway_Stromal_EMT,0.0,4.5
81,Pathway_Apoptosis_Stress,0.0,4.5
81,Pathway_Hormone,0.07906626506024095,1.0
81,age_at_dx,-0.015813253012048167,8.0
81,stage_ordinal,0.0022590361445783413,2.0
82,Pathway_Immune,0.0,7.0
82,Pathway_Proliferation,0.0,7.0
82,Pathway_DNA_Repair,0.022111269614835893,4.0
82,Pathway_Metabolism,0.0,7.0
82,Pathway_Stromal_EMT,0.0,7.0
82,Pathway_Apoptosis_Stress,0.0,7.0
82,Pathway_Hormone,0.05777460770328102,1.0
82,age_at_dx,0.032097004279600605,2.0
82,stage_ordinal,0.022824536376604865,3.0
83,Pathway_Immune,-0.013293943870014702,7.0
83,Pathway_Proliferation,0.0,4.5
83,Pathway_DNA_Repair,-0.06203840472673561,9.0
83,Pathway_Metabolism,0.0,4.5
83,Pathway_Stromal_EMT,-0.04062038404726731,8.0
83,Pathway_Apoptosis_Stress,0.0,4.5
83,Pathway_Hormone,0.11669128508124083,2.0
83,age_at_dx,0.18980797636632202,1.0
83,stage_ordinal,0.0,4.5
84,Pathway_Immune,-0.015211640211640232,9.0
84,Pathway_Proliferation,-0.011904761904761973,8.0
84,Pathway_DNA_Repair,0.012566137566137559,4.0
84,Pathway_Metabolism,0.0,6.0
84,Pathway_Stromal_EMT,0.02447089947089942,3.0
84,Pathway_Apoptosis_Stress,0.0,6.0
84,Pathway_Hormone,0.0793650793650793,2.0
84,age_at_dx,0.11309523809523803,1.0
84,stage_ordinal,0.0,6.0
85,Pathway_Immune,0.0,6.5
85,Pathway_Proliferation,0.01540616246498594,4.0
85,Pathway_DNA_Repair,0.03081232492997199,3.0
85,Pathway_Metabolism,-0.03431372549019607,9.0
85,Pathway_Stromal_EMT,0.0,6.5
85,Pathway_Apoptosis_Stress,0.0,6.5
85,Pathway_Hormone,0.05042016806722682,2.0
85,age_at_dx,0.11274509803921562,1.0
85,stage_ordinal,0.0,6.5
86,Pathway_Immune,0.0,7.0
86,Pathway_Proliferation,0.0,7.0
86,Pathway_DNA_Repair,0.05426917510853835,2.0
86,Pathway_Metabolism,0.0,7.0
86,Pathway_Stromal_EMT,0.0,7.0
86,Pathway_Apoptosis_Stress,0.0,7.0
86,Pathway_Hormone,0.09261939218523885,1.0
86,age_at_dx,0.03400868306801741,3.0
86,stage_ordinal,0.02315484804630974,4.0
87,Pathway_Immune,0.0,5.5
87,Pathway_Proliferation,0.0,5.5
87,Pathway_DNA_Repair,-0.006446991404011393,9.0
87,Pathway_Metabolism,0.0,5.5
87,Pathway_Stromal_EMT,0.0,5.5
87,Pathway_Apoptosis_Stress,0.0,5.5
87,Pathway_Hormone,0.002865329512893977,2.0
87,age_at_dx,0.028653295128939882,1.0
87,stage_ordinal,0.0,5.5
88,Pathway_Immune,0.0,6.5
88,Pathway_Proliferation,0.0,6.5
88,Pathway_DNA_Repair,0.005295007564296572,4.0
88,Pathway_Metabolism,-0.009077155824508298,9.0
88,Pathway_Stromal_EMT,0.0,6.5
88,Pathway_Apoptosis_Stress,0.0,6.5
88,Pathway_Hormone,0.059001512859304106,1.0
88,age_at_dx,0.055975794251134636,2.0
88,stage_ordinal,0.0226928895612708,3.0
89,Pathway_Immune,0.0,5.5
89,Pathway_Proliferation,0.0,5.5
89,Pathway_DNA_Repair,-0.019970414201183506,9.0
89,Pathway_Metabolism,0.0,5.5
89,Pathway_Stromal_EMT,0.0,5.5
89,Pathway_Apoptosis_Stress,0.0,5.5
89,Pathway_Hormone,0.022189349112425982,1.0
89,age_at_dx,0.012573964497041401,2.0
89,stage_ordinal,0.0,5.5
90,Pathway_Immune,0.0,7.5
90,Pathway_Proliferation,0.0,7.5
90,Pathway_DNA_Repair,0.00925925925925919,4.0
90,Pathway_Metabolism,0.0064102564102563875,5.0
90,Pathway_Stromal_EMT,0.0,7.5
90,Pathway_Apoptosis_Stress,0.0,7.5
90,Pathway_Hormone,0.02564102564102555,2.0
90,age_at_dx,0.079059829059829,1.0
90,stage_ordinal,0.024928774928774877,3.0
91,Pathway_Immune,-0.013031550068587139,8.0
91,Pathway_Proliferation,0.0,6.0
91,Pathway_DNA_Repair,0.05829903978052131,2.0
91,Pathway_Metabolism,0.0,6.0
91,Pathway_Stromal_EMT,-0.029492455418381303,9.0
91,Pathway_Apoptosis_Stress,0.0,6.0
91,Pathway_Hormone,0.09327846364883408,1.0
91,age_at_dx,0.033607681755829955,4.0
91,stage_ordinal,0.03566529492455417,3.0
92,Pathway_Immune,0.0,7.0
92,Pathway_Proliferation,0.0,7.0
92,Pathway_DNA_Repair,0.03499222395023327,2.0
92,Pathway_Metabolism,0.0,7.0
92,Pathway_Stromal_EMT,0.0,7.0
92,Pathway_Apoptosis_Stress,0.0,7.0
92,Pathway_Hormone,0.02488335925349927,3.0
92,age_at_dx,0.06842923794712286,1.0
92,stage_ordinal,0.020995334370140006,4.0
93,Pathway_Immune,-0.014221556886227615,8.0
93,Pathway_Proliferation,0.0,5.0
93,Pathway_DNA_Repair,-0.0434131736526947,9.0
93,Pathway_Metabolism,0.0,5.0
93,Pathway_Stromal_EMT,0.0,5.0
93,Pathway_Apoptosis_Stress,0.0,5.0
93,Pathway_Hormone,0.059880239520958,2.0
93,age_at_dx,0.06736526946107779,1.0
93,stage_ordinal,0.0,5.0
94,Pathway_Immune,0.0,4.0
94,Pathway_Proliferation,0.0,4.0
94,Pathway_DNA_Repair,-0.025887573964497035,8.0
94,Pathway_Metabolism,0.0,4.0
94,Pathway_Stromal_EMT,-0.016272189349112454,7.0
94,Pathway_Apoptosis_Stress,0.0,4.0
94,Pathway_Hormone,-0.08357988165680474,9.0
94,age_at_dx,0.07470414201183428,1.0
94,stage_ordinal,0.0,4.0
95,Pathway_Immune,-0.005094614264919861,8.0
95,Pathway_Proliferation,0.0,6.0
95,Pathway_DNA_Repair,0.04876273653566232,2.0
95,Pathway_Metabolism,0.010189228529839944,4.0
95,Pathway_Stromal_EMT,-0.026200873362445365,9.0
95,Pathway_Apoptosis_Stress,0.0,6.0
95,Pathway_Hormone,0.06550218340611358,1.0
95,age_at_dx,0.016739446870451258,3.0
95,stage_ordinal,0.0,6.0
96,Pathway_Immune,-0.033333333333333326,8.0
96,Pathway_Proliferation,0.03178294573643414,2.0
96,Pathway_DNA_Repair,0.009302325581395321,3.0
96,Pathway_Metabolism,0.0,4.5
96,Pathway_Stromal_EMT,-0.020930232558139528,7.0
96,Pathway_Apoptosis_Stress,0.0,4.5
96,Pathway_Hormone,0.10697674418604652,1.0
96,age_at_dx,-0.05581395348837215,9.0
96,stage_ordinal,-0.0015503875968991832,6.0
97,Pathway_Immune,0.004870129870129913,3.0
97,Pathway_Proliferation,0.0,5.5
97,Pathway_DNA_Repair,-0.023538961038961026,9.0
97,Pathway_Metabolism,0.0,5.5
97,Pathway_Stromal_EMT,-0.022727272727272707,8.0
97,Pathway_Apoptosis_Stress,0.0,5.5
97,Pathway_Hormone,0.1266233766233767,1.0
97,age_at_dx,0.10876623376623379,2.0
97,stage_ordinal,0.0,5.5
98,Pathway_Immune,0.0,7.0
98,Pathway_Proliferation,0.0,7.0
98,Pathway_DNA_Repair,0.02761627906976738,3.0
98,Pathway_Metabolism,0.0,7.0
98,Pathway_Stromal_EMT,0.007994186046511587,4.0
98,Pathway_Apoptosis_Stress,0.0,7.0
98,Pathway_Hormone,0.04215116279069764,1.0
98,age_at_dx,0.029069767441860406,2.0
98,stage_ordinal,0.0,7.0
99,Pathway_Immune,0.0,4.5
99,Pathway_Proliferation,-0.1442901234567901,9.0
99,Pathway_DNA_Repair,0.012345679012345678,2.0
99,Pathway_Metabolism,0.0,4.5
99,Pathway_Stromal_EMT,-0.02391975308641975,8.0
99,Pathway_Apoptosis_Stress,0.0,4.5
99,Pathway_Hormone,0.0570987654320988,1.0
99,age_at_dx,-0.019290123456790098,7.0
99,stage_ordinal,0.0,4.5
100,Pathway_Immune,0.0,5.0
100,Pathway_Proliferation,-0.0014388489208633226,7.0
100,Pathway_DNA_Repair,0.013669064748201398,3.0
100,Pathway_Metabolism,-0.027338129496402908,9.0
100,Pathway_Stromal_EMT,-0.017985611510791366,8.0
100,Pathway_Apoptosis_Stress,0.0,5.0
100,Pathway_Hormone,0.09999999999999998,1.0
100,age_at_dx,0.06474820143884885,2.0
100,stage_ordinal,0.0,5.0
