cohort,threshold,strategy,net_benefit,n,events,analysis_type
TCGA-BRCA,0.05,Treat all,0.3130714109216704,213,74,exploratory_secondary
TCGA-BRCA,0.05,Treat none,0.0,213,74,exploratory_secondary
TCGA-BRCA,0.05,Pathway ML,0.3130714109216704,213,74,exploratory_secondary
TCGA-BRCA,0.05,Cox baseline,0.3130714109216704,213,74,exploratory_secondary
TCGA-BRCA,0.05,PAM50-ROR,0.3130714109216704,213,74,exploratory_secondary
TCGA-BRCA,0.075,Treat all,0.29450577337901285,213,74,exploratory_secondary
TCGA-BRCA,0.075,Treat none,0.0,213,74,exploratory_secondary
TCGA-BRCA,0.075,Pathway ML,0.29450577337901285,213,74,exploratory_secondary
TCGA-BRCA,0.075,Cox baseline,0.29450577337901285,213,74,exploratory_secondary
TCGA-BRCA,0.075,PAM50-ROR,0.29450577337901285,213,74,exploratory_secondary
TCGA-BRCA,0.1,Treat all,0.2749087115284299,213,74,exploratory_secondary
TCGA-BRCA,0.1,Treat none,0.0,213,74,exploratory_secondary
TCGA-BRCA,0.1,Pathway ML,0.2749087115284299,213,74,exploratory_secondary
TCGA-BRCA,0.1,Cox baseline,0.2749087115284299,213,74,exploratory_secondary
TCGA-BRCA,0.1,PAM50-ROR,0.2749087115284299,213,74,exploratory_secondary
TCGA-BRCA,0.125,Treat all,0.2541918175720993,213,74,exploratory_secondary
TCGA-BRCA,0.125,Treat none,0.0,213,74,exploratory_secondary
TCGA-BRCA,0.125,Pathway ML,0.2541918175720993,213,74,exploratory_secondary
TCGA-BRCA,0.125,Cox baseline,0.2541918175720993,213,74,exploratory_secondary
TCGA-BRCA,0.125,PAM50-ROR,0.2541918175720993,213,74,exploratory_secondary
TCGA-BRCA,0.15,Treat all,0.2322562827948081,213,74,exploratory_secondary
TCGA-BRCA,0.15,Treat none,0.0,213,74,exploratory_secondary
TCGA-BRCA,0.15,Pathway ML,0.24661695664181166,213,74,exploratory_secondary
TCGA-BRCA,0.15,Cox baseline,0.2322562827948081,213,74,exploratory_secondary
TCGA-BRCA,0.15,PAM50-ROR,0.2322562827948081,213,74,exploratory_secondary
TCGA-BRCA,0.175,Treat all,0.20899132166737802,213,74,exploratory_secondary
TCGA-BRCA,0.175,Treat none,0.0,213,74,exploratory_secondary
TCGA-BRCA,0.175,Pathway ML,0.2272015933987765,213,74,exploratory_secondary
TCGA-BRCA,0.175,Cox baseline,0.20899132166737802,213,74,exploratory_secondary
TCGA-BRCA,0.175,PAM50-ROR,0.20899132166737802,213,74,exploratory_secondary
TCGA-BRCA,0.2,Treat all,0.1842723004694836,213,74,exploratory_secondary
TCGA-BRCA,0.2,Treat none,0.0,213,74,exploratory_secondary
TCGA-BRCA,0.2,Pathway ML,0.21361502347417843,213,74,exploratory_secondary
TCGA-BRCA,0.2,Cox baseline,0.18661971830985918,213,74,exploratory_secondary
TCGA-BRCA,0.2,PAM50-ROR,0.1842723004694836,213,74,exploratory_secondary
TCGA-BRCA,0.225,Treat all,0.15795850371043468,213,74,exploratory_secondary
TCGA-BRCA,0.225,Treat none,0.0,213,74,exploratory_secondary
TCGA-BRCA,0.225,Pathway ML,0.1977888838406785,213,74,exploratory_secondary
TCGA-BRCA,0.225,Cox baseline,0.17431470543692262,213,74,exploratory_secondary
TCGA-BRCA,0.225,PAM50-ROR,0.15795850371043466,213,74,exploratory_secondary
TCGA-BRCA,0.25,Treat all,0.12989045383411582,213,74,exploratory_secondary
TCGA-BRCA,0.25,Treat none,0.0,213,74,exploratory_secondary
TCGA-BRCA,0.25,Pathway ML,0.17840375586854462,213,74,exploratory_secondary
TCGA-BRCA,0.25,Cox baseline,0.17370892018779344,213,74,exploratory_secondary
TCGA-BRCA,0.25,PAM50-ROR,0.12989045383411585,213,74,exploratory_secondary
TCGA-BRCA,0.275,Treat all,0.09988667638011978,213,74,exploratory_secondary
TCGA-BRCA,0.275,Treat none,0.0,213,74,exploratory_secondary
TCGA-BRCA,0.275,Pathway ML,0.15946252225999677,213,74,exploratory_secondary
TCGA-BRCA,0.275,Cox baseline,0.1497490691274081,213,74,exploratory_secondary
TCGA-BRCA,0.275,PAM50-ROR,0.0998866763801198,213,74,exploratory_secondary
TCGA-BRCA,0.3,Treat all,0.0677397719651241,213,74,exploratory_secondary
TCGA-BRCA,0.3,Treat none,0.0,213,74,exploratory_secondary
TCGA-BRCA,0.3,Pathway ML,0.13950368879946345,213,74,exploratory_secondary
TCGA-BRCA,0.3,Cox baseline,0.12273641851106637,213,74,exploratory_secondary
TCGA-BRCA,0.3,PAM50-ROR,0.0677397719651241,213,74,exploratory_secondary
TCGA-BRCA,0.325,Treat all,0.03321161537123979,213,74,exploratory_secondary
TCGA-BRCA,0.325,Treat none,0.0,213,74,exploratory_secondary
TCGA-BRCA,0.325,Pathway ML,0.11615371239784389,213,74,exploratory_secondary
TCGA-BRCA,0.325,Cox baseline,0.09859154929577466,213,74,exploratory_secondary
TCGA-BRCA,0.325,PAM50-ROR,0.033211615371239844,213,74,exploratory_secondary
TCGA-BRCA,0.35,Treat all,-0.00397255326832785,213,74,exploratory_secondary
TCGA-BRCA,0.35,Treat none,0.0,213,74,exploratory_secondary
TCGA-BRCA,0.35,Pathway ML,0.13145539906103287,213,74,exploratory_secondary
TCGA-BRCA,0.35,Cox baseline,0.08595160707836763,213,74,exploratory_secondary
TCGA-BRCA,0.35,PAM50-ROR,0.029613578909353566,213,74,exploratory_secondary
TCGA-BRCA,0.375,Treat all,-0.04413145539906105,213,74,exploratory_secondary
TCGA-BRCA,0.375,Treat none,0.0,213,74,exploratory_secondary
TCGA-BRCA,0.375,Pathway ML,0.08732394366197183,213,74,exploratory_secondary
TCGA-BRCA,0.375,Cox baseline,0.061971830985915494,213,74,exploratory_secondary
TCGA-BRCA,0.375,PAM50-ROR,0.0,213,74,exploratory_secondary
TCGA-BRCA,0.4,Treat all,-0.08763693270735523,213,74,exploratory_secondary
TCGA-BRCA,0.4,Treat none,0.0,213,74,exploratory_secondary
TCGA-BRCA,0.4,Pathway ML,0.07981220657276994,213,74,exploratory_secondary
TCGA-BRCA,0.4,Cox baseline,0.05790297339593113,213,74,exploratory_secondary
TCGA-BRCA,0.4,PAM50-ROR,0.0,213,74,exploratory_secondary
TCGA-BRCA,0.425,Treat all,-0.13492549499897938,213,74,exploratory_secondary
TCGA-BRCA,0.425,Treat none,0.0,213,74,exploratory_secondary
TCGA-BRCA,0.425,Pathway ML,0.07491324760155134,213,74,exploratory_secondary
TCGA-BRCA,0.425,Cox baseline,0.05368442539293733,213,74,exploratory_secondary
TCGA-BRCA,0.425,PAM50-ROR,0.0,213,74,exploratory_secondary
TCGA-BRCA,0.45,Treat all,-0.1865130174989329,213,74,exploratory_secondary
TCGA-BRCA,0.45,Treat none,0.0,213,74,exploratory_secondary
TCGA-BRCA,0.45,Pathway ML,0.06999573196756297,213,74,exploratory_secondary
TCGA-BRCA,0.45,Cox baseline,0.029876227059325654,213,74,exploratory_secondary
TCGA-BRCA,0.45,PAM50-ROR,0.0,213,74,exploratory_secondary
TCGA-BRCA,0.475,Treat all,-0.2430136373798345,213,74,exploratory_secondary
TCGA-BRCA,0.475,Treat none,0.0,213,74,exploratory_secondary
TCGA-BRCA,0.475,Pathway ML,0.0634920634920635,213,74,exploratory_secondary
TCGA-BRCA,0.475,Cox baseline,0.01900290632685,213,74,exploratory_secondary
TCGA-BRCA,0.475,PAM50-ROR,0.0,213,74,exploratory_secondary
TCGA-BRCA,0.5,Treat all,-0.30516431924882625,213,74,exploratory_secondary
TCGA-BRCA,0.5,Treat none,0.0,213,74,exploratory_secondary
TCGA-BRCA,0.5,Pathway ML,0.03286384976525822,213,74,exploratory_secondary
TCGA-BRCA,0.5,Cox baseline,0.0,213,74,exploratory_secondary
TCGA-BRCA,0.5,PAM50-ROR,0.0,213,74,exploratory_secondary
GSE96058,0.05,Treat all,0.16746411483253587,1430,299,exploratory_secondary
GSE96058,0.05,Treat none,0.0,1430,299,exploratory_secondary
GSE96058,0.05,Pathway ML,0.16746411483253587,1430,299,exploratory_secondary
GSE96058,0.05,Cox baseline,0.16746411483253587,1430,299,exploratory_secondary
GSE96058,0.05,PAM50-ROR,0.16746411483253587,1430,299,exploratory_secondary
GSE96058,0.075,Treat all,0.14496314496314494,1430,299,exploratory_secondary
GSE96058,0.075,Treat none,0.0,1430,299,exploratory_secondary
GSE96058,0.075,Pathway ML,0.14496314496314494,1430,299,exploratory_secondary
GSE96058,0.075,Cox baseline,0.14496314496314494,1430,299,exploratory_secondary
GSE96058,0.075,PAM50-ROR,0.14496314496314494,1430,299,exploratory_secondary
GSE96058,0.1,Treat all,0.12121212121212119,1430,299,exploratory_secondary
GSE96058,0.1,Treat none,0.0,1430,299,exploratory_secondary
GSE96058,0.1,Pathway ML,0.12121212121212119,1430,299,exploratory_secondary
GSE96058,0.1,Cox baseline,0.12121212121212119,1430,299,exploratory_secondary
GSE96058,0.1,PAM50-ROR,0.12121212121212119,1430,299,exploratory_secondary
GSE96058,0.125,Treat all,0.0961038961038961,1430,299,exploratory_secondary
GSE96058,0.125,Treat none,0.0,1430,299,exploratory_secondary
GSE96058,0.125,Pathway ML,0.0961038961038961,1430,299,exploratory_secondary
GSE96058,0.125,Cox baseline,0.0961038961038961,1430,299,exploratory_secondary
GSE96058,0.125,PAM50-ROR,0.0961038961038961,1430,299,exploratory_secondary
GSE96058,0.15,Treat all,0.06951871657754011,1430,299,exploratory_secondary
GSE96058,0.15,Treat none,0.0,1430,299,exploratory_secondary
GSE96058,0.15,Pathway ML,0.07667626491155902,1430,299,exploratory_secondary
GSE96058,0.15,Cox baseline,0.06951871657754008,1430,299,exploratory_secondary
GSE96058,0.15,PAM50-ROR,0.06951871657754008,1430,299,exploratory_secondary
GSE96058,0.175,Treat all,0.04132231404958678,1430,299,exploratory_secondary
GSE96058,0.175,Treat none,0.0,1430,299,exploratory_secondary
GSE96058,0.175,Pathway ML,0.05121847849120578,1430,299,exploratory_secondary
GSE96058,0.175,Cox baseline,0.04132231404958675,1430,299,exploratory_secondary
GSE96058,0.175,PAM50-ROR,0.04132231404958675,1430,299,exploratory_secondary
GSE96058,0.2,Treat all,0.011363636363636326,1430,299,exploratory_secondary
GSE96058,0.2,Treat none,0.0,1430,299,exploratory_secondary
GSE96058,0.2,Pathway ML,0.036363636363636376,1430,299,exploratory_secondary
GSE96058,0.2,Cox baseline,0.011713286713286725,1430,299,exploratory_secondary
GSE96058,0.2,PAM50-ROR,0.011363636363636354,1430,299,exploratory_secondary
GSE96058,0.225,Treat all,-0.020527859237536666,1430,299,exploratory_secondary
GSE96058,0.225,Treat none,0.0,1430,299,exploratory_secondary
GSE96058,0.225,Pathway ML,0.011030904579291678,1430,299,exploratory_secondary
GSE96058,0.225,Cox baseline,-0.01080532370854953,1430,299,exploratory_secondary
GSE96058,0.225,PAM50-ROR,-0.020527859237536694,1430,299,exploratory_secondary
GSE96058,0.25,Treat all,-0.054545454545454536,1430,299,exploratory_secondary
GSE96058,0.25,Treat none,0.0,1430,299,exploratory_secondary
GSE96058,0.25,Pathway ML,-0.01655011655011654,1430,299,exploratory_secondary
GSE96058,0.25,Cox baseline,-0.027039627039627007,1430,299,exploratory_secondary
GSE96058,0.25,PAM50-ROR,-0.054545454545454536,1430,299,exploratory_secondary
GSE96058,0.275,Treat all,-0.09090909090909097,1430,299,exploratory_secondary
GSE96058,0.275,Treat none,0.0,1430,299,exploratory_secondary
GSE96058,0.275,Pathway ML,-0.04540631782011095,1430,299,exploratory_secondary
GSE96058,0.275,Cox baseline,-0.0362912949119846,1430,299,exploratory_secondary
GSE96058,0.275,PAM50-ROR,-0.09090909090909097,1430,299,exploratory_secondary
GSE96058,0.3,Treat all,-0.12987012987012989,1430,299,exploratory_secondary
GSE96058,0.3,Treat none,0.0,1430,299,exploratory_secondary
GSE96058,0.3,Pathway ML,-0.07292707292707298,1430,299,exploratory_secondary
GSE96058,0.3,Cox baseline,-0.039460539460539484,1430,299,exploratory_secondary
GSE96058,0.3,PAM50-ROR,-0.12987012987012989,1430,299,exploratory_secondary
GSE96058,0.325,Treat all,-0.17171717171717174,1430,299,exploratory_secondary
GSE96058,0.325,Treat none,0.0,1430,299,exploratory_secondary
GSE96058,0.325,Pathway ML,-0.10725200725200729,1430,299,exploratory_secondary
GSE96058,0.325,Cox baseline,-0.03698523698523698,1430,299,exploratory_secondary
GSE96058,0.325,PAM50-ROR,-0.17171717171717168,1430,299,exploratory_secondary
GSE96058,0.35,Treat all,-0.21678321678321674,1430,299,exploratory_secondary
GSE96058,0.35,Treat none,0.0,1430,299,exploratory_secondary
GSE96058,0.35,Pathway ML,0.0021516944593867743,1430,299,exploratory_secondary
GSE96058,0.35,Cox baseline,-0.04072081764389454,1430,299,exploratory_secondary
GSE96058,0.35,PAM50-ROR,-0.012802582033351266,1430,299,exploratory_secondary
GSE96058,0.375,Treat all,-0.2654545454545454,1430,299,exploratory_secondary
GSE96058,0.375,Treat none,0.0,1430,299,exploratory_secondary
GSE96058,0.375,Pathway ML,-0.009510489510489509,1430,299,exploratory_secondary
GSE96058,0.375,Cox baseline,-0.040559440559440524,1430,299,exploratory_secondary
GSE96058,0.375,PAM50-ROR,0.0,1430,299,exploratory_secondary
GSE96058,0.4,Treat all,-0.31818181818181823,1430,299,exploratory_secondary
GSE96058,0.4,Treat none,0.0,1430,299,exploratory_secondary
GSE96058,0.4,Pathway ML,-0.015617715617715633,1430,299,exploratory_secondary
GSE96058,0.4,Cox baseline,-0.04918414918414922,1430,299,exploratory_secondary
GSE96058,0.4,PAM50-ROR,0.0,1430,299,exploratory_secondary
GSE96058,0.425,Treat all,-0.3754940711462451,1430,299,exploratory_secondary
GSE96058,0.425,Treat none,0.0,1430,299,exploratory_secondary
GSE96058,0.425,Pathway ML,-0.031042870173304968,1430,299,exploratory_secondary
GSE96058,0.425,Cox baseline,-0.0505928853754941,1430,299,exploratory_secondary
GSE96058,0.425,PAM50-ROR,0.0,1430,299,exploratory_secondary
GSE96058,0.45,Treat all,-0.4380165289256197,1430,299,exploratory_secondary
GSE96058,0.45,Treat none,0.0,1430,299,exploratory_secondary
GSE96058,0.45,Pathway ML,-0.031023521932612846,1430,299,exploratory_secondary
GSE96058,0.45,Cox baseline,-0.056643356643356624,1430,299,exploratory_secondary
GSE96058,0.45,PAM50-ROR,0.0,1430,299,exploratory_secondary
GSE96058,0.475,Treat all,-0.5064935064935064,1430,299,exploratory_secondary
GSE96058,0.475,Treat none,0.0,1430,299,exploratory_secondary
GSE96058,0.475,Pathway ML,-0.043556443556443544,1430,299,exploratory_secondary
GSE96058,0.475,Cox baseline,-0.05507825507825506,1430,299,exploratory_secondary
GSE96058,0.475,PAM50-ROR,0.0,1430,299,exploratory_secondary
GSE96058,0.5,Treat all,-0.5818181818181818,1430,299,exploratory_secondary
GSE96058,0.5,Treat none,0.0,1430,299,exploratory_secondary
GSE96058,0.5,Pathway ML,0.013986013986013998,1430,299,exploratory_secondary
GSE96058,0.5,Cox baseline,-0.05244755244755245,1430,299,exploratory_secondary
GSE96058,0.5,PAM50-ROR,0.0,1430,299,exploratory_secondary
METABRIC,0.05,Treat all,0.1814086364135809,1916,426,exploratory_secondary
METABRIC,0.05,Treat none,0.0,1916,426,exploratory_secondary
METABRIC,0.05,Pathway ML,0.1814086364135809,1916,426,exploratory_secondary
METABRIC,0.05,Cox baseline,0.1814086364135809,1916,426,exploratory_secondary
METABRIC,0.05,PAM50-ROR,0.1814086364135809,1916,426,exploratory_secondary
METABRIC,0.075,Treat all,0.15928454550583987,1916,426,exploratory_secondary
METABRIC,0.075,Treat none,0.0,1916,426,exploratory_secondary
METABRIC,0.075,Pathway ML,0.15928454550583987,1916,426,exploratory_secondary
METABRIC,0.075,Cox baseline,0.15928454550583987,1916,426,exploratory_secondary
METABRIC,0.075,PAM50-ROR,0.15928454550583987,1916,426,exploratory_secondary
METABRIC,0.1,Treat all,0.13593133843655764,1916,426,exploratory_secondary
METABRIC,0.1,Treat none,0.0,1916,426,exploratory_secondary
METABRIC,0.1,Pathway ML,0.13593133843655764,1916,426,exploratory_secondary
METABRIC,0.1,Cox baseline,0.13593133843655764,1916,426,exploratory_secondary
METABRIC,0.1,PAM50-ROR,0.13593133843655764,1916,426,exploratory_secondary
METABRIC,0.125,Treat all,0.11124366239188786,1916,426,exploratory_secondary
METABRIC,0.125,Treat none,0.0,1916,426,exploratory_secondary
METABRIC,0.125,Pathway ML,0.11124366239188786,1916,426,exploratory_secondary
METABRIC,0.125,Cox baseline,0.11124366239188786,1916,426,exploratory_secondary
METABRIC,0.125,PAM50-ROR,0.11124366239188786,1916,426,exploratory_secondary
METABRIC,0.15,Treat all,0.08510377010929632,1916,426,exploratory_secondary
METABRIC,0.15,Treat none,0.0,1916,426,exploratory_secondary
METABRIC,0.15,Pathway ML,0.08768267223382045,1916,426,exploratory_secondary
METABRIC,0.15,Cox baseline,0.08510377010929632,1916,426,exploratory_secondary
METABRIC,0.15,PAM50-ROR,0.08510377010929632,1916,426,exploratory_secondary
METABRIC,0.175,Treat all,0.05737964193079015,1916,426,exploratory_secondary
METABRIC,0.175,Treat none,0.0,1916,426,exploratory_secondary
METABRIC,0.175,Pathway ML,0.06239324349971531,1916,426,exploratory_secondary
METABRIC,0.175,Cox baseline,0.057490352375529824,1916,426,exploratory_secondary
METABRIC,0.175,PAM50-ROR,0.05737964193079015,1916,426,exploratory_secondary
METABRIC,0.2,Treat all,0.027922755741127347,1916,426,exploratory_secondary
METABRIC,0.2,Treat none,0.0,1916,426,exploratory_secondary
METABRIC,0.2,Pathway ML,0.04462421711899789,1916,426,exploratory_secondary
METABRIC,0.2,Cox baseline,0.029618997912317313,1916,426,exploratory_secondary
METABRIC,0.2,PAM50-ROR,0.027922755741127347,1916,426,exploratory_secondary
METABRIC,0.225,Treat all,-0.003434574718836292,1916,426,exploratory_secondary
METABRIC,0.225,Treat none,0.0,1916,426,exploratory_secondary
METABRIC,0.225,Pathway ML,0.02134823893864904,1916,426,exploratory_secondary
METABRIC,0.225,Cox baseline,0.0077614654185466925,1916,426,exploratory_secondary
METABRIC,0.225,PAM50-ROR,-0.003434574718836292,1916,426,exploratory_secondary
METABRIC,0.25,Treat all,-0.03688239387613085,1916,426,exploratory_secondary
METABRIC,0.25,Treat none,0.0,1916,426,exploratory_secondary
METABRIC,0.25,Pathway ML,-0.004871259568545588,1916,426,exploratory_secondary
METABRIC,0.25,Cox baseline,-0.010612386917188577,1916,426,exploratory_secondary
METABRIC,0.25,PAM50-ROR,-0.03688239387613079,1916,426,exploratory_secondary
METABRIC,0.275,Treat all,-0.07263695918220431,1916,426,exploratory_secondary
METABRIC,0.275,Treat none,0.0,1916,426,exploratory_secondary
METABRIC,0.275,Pathway ML,-0.03111727017493346,1916,426,exploratory_secondary
METABRIC,0.275,Cox baseline,-0.026222014253833414,1916,426,exploratory_secondary
METABRIC,0.275,PAM50-ROR,-0.07263695918220431,1916,426,exploratory_secondary
METABRIC,0.3,Treat all,-0.11094542201014018,1916,426,exploratory_secondary
METABRIC,0.3,Treat none,0.0,1916,426,exploratory_secondary
METABRIC,0.3,Pathway ML,-0.05927527587235315,1916,426,exploratory_secondary
METABRIC,0.3,Cox baseline,-0.04145541306292874,1916,426,exploratory_secondary
METABRIC,0.3,PAM50-ROR,-0.11094542201014018,1916,426,exploratory_secondary
METABRIC,0.325,Treat all,-0.15209154875125652,1916,426,exploratory_secondary
METABRIC,0.325,Treat none,0.0,1916,426,exploratory_secondary
METABRIC,0.325,Pathway ML,-0.08977035490605428,1916,426,exploratory_secondary
METABRIC,0.325,Cox baseline,-0.05107090388927546,1916,426,exploratory_secondary
METABRIC,0.325,PAM50-ROR,-0.15209154875125647,1916,426,exploratory_secondary
METABRIC,0.35,Treat all,-0.19640276216476632,1916,426,exploratory_secondary
METABRIC,0.35,Treat none,0.0,1916,426,exploratory_secondary
METABRIC,0.35,Pathway ML,-0.02738076120122048,1916,426,exploratory_secondary
METABRIC,0.35,Cox baseline,-0.05933836518387664,1916,426,exploratory_secondary
METABRIC,0.35,PAM50-ROR,0.0050987634494941425,1916,426,exploratory_secondary
METABRIC,0.375,Treat all,-0.24425887265135698,1916,426,exploratory_secondary
METABRIC,0.375,Treat none,0.0,1916,426,exploratory_secondary
METABRIC,0.375,Pathway ML,-0.03611691022964509,1916,426,exploratory_secondary
METABRIC,0.375,Cox baseline,-0.05688935281837158,1916,426,exploratory_secondary
METABRIC,0.375,PAM50-ROR,0.0,1916,426,exploratory_secondary
METABRIC,0.4,Treat all,-0.2961029923451636,1916,426,exploratory_secondary
METABRIC,0.4,Treat none,0.0,1916,426,exploratory_secondary
METABRIC,0.4,Pathway ML,-0.0372303409881698,1916,426,exploratory_secondary
METABRIC,0.4,Cox baseline,-0.0662839248434238,1916,426,exploratory_secondary
METABRIC,0.4,PAM50-ROR,0.0,1916,426,exploratory_secondary
METABRIC,0.425,Treat all,-0.3524552963601706,1916,426,exploratory_secondary
METABRIC,0.425,Treat none,0.0,1916,426,exploratory_secondary
METABRIC,0.425,Pathway ML,-0.04749478079331943,1916,426,exploratory_secondary
METABRIC,0.425,Cox baseline,-0.06848506853045296,1916,426,exploratory_secondary
METABRIC,0.425,PAM50-ROR,0.0,1916,426,exploratory_secondary
METABRIC,0.45,Treat all,-0.4139305371038148,1916,426,exploratory_secondary
METABRIC,0.45,Treat none,0.0,1916,426,exploratory_secondary
METABRIC,0.45,Pathway ML,-0.05010438413361169,1916,426,exploratory_secondary
METABRIC,0.45,Cox baseline,-0.07083886885557031,1916,426,exploratory_secondary
METABRIC,0.45,PAM50-ROR,0.0,1916,426,exploratory_secondary
METABRIC,0.475,Treat all,-0.4812605626801868,1916,426,exploratory_secondary
METABRIC,0.475,Treat none,0.0,1916,426,exploratory_secondary
METABRIC,0.475,Pathway ML,-0.05810716771050799,1916,426,exploratory_secondary
METABRIC,0.475,Cox baseline,-0.06300328064419922,1916,426,exploratory_secondary
METABRIC,0.475,PAM50-ROR,0.0,1916,426,exploratory_secondary
METABRIC,0.5,Treat all,-0.5553235908141962,1916,426,exploratory_secondary
METABRIC,0.5,Treat none,0.0,1916,426,exploratory_secondary
METABRIC,0.5,Pathway ML,-0.010438413361169102,1916,426,exploratory_secondary
METABRIC,0.5,Cox baseline,-0.05636743215031315,1916,426,exploratory_secondary
METABRIC,0.5,PAM50-ROR,0.0,1916,426,exploratory_secondary
GSE20685,0.05,Treat all,0.10855263157894737,320,49,exploratory_secondary
GSE20685,0.05,Treat none,0.0,320,49,exploratory_secondary
GSE20685,0.05,Pathway ML,0.10855263157894737,320,49,exploratory_secondary
GSE20685,0.05,Cox baseline,0.10855263157894737,320,49,exploratory_secondary
GSE20685,0.05,PAM50-ROR,0.10855263157894737,320,49,exploratory_secondary
GSE20685,0.075,Treat all,0.08445945945945947,320,49,exploratory_secondary
GSE20685,0.075,Treat none,0.0,320,49,exploratory_secondary
GSE20685,0.075,Pathway ML,0.08445945945945947,320,49,exploratory_secondary
GSE20685,0.075,Cox baseline,0.08445945945945947,320,49,exploratory_secondary
GSE20685,0.075,PAM50-ROR,0.08445945945945947,320,49,exploratory_secondary
GSE20685,0.1,Treat all,0.059027777777777776,320,49,exploratory_secondary
GSE20685,0.1,Treat none,0.0,320,49,exploratory_secondary
GSE20685,0.1,Pathway ML,0.059027777777777776,320,49,exploratory_secondary
GSE20685,0.1,Cox baseline,0.059027777777777776,320,49,exploratory_secondary
GSE20685,0.1,PAM50-ROR,0.059027777777777776,320,49,exploratory_secondary
GSE20685,0.125,Treat all,0.032142857142857154,320,49,exploratory_secondary
GSE20685,0.125,Treat none,0.0,320,49,exploratory_secondary
GSE20685,0.125,Pathway ML,0.032142857142857154,320,49,exploratory_secondary
GSE20685,0.125,Cox baseline,0.032142857142857154,320,49,exploratory_secondary
GSE20685,0.125,PAM50-ROR,0.032142857142857154,320,49,exploratory_secondary
GSE20685,0.15,Treat all,0.003676470588235281,320,49,exploratory_secondary
GSE20685,0.15,Treat none,0.0,320,49,exploratory_secondary
GSE20685,0.15,Pathway ML,0.016360294117647056,320,49,exploratory_secondary
GSE20685,0.15,Cox baseline,0.003676470588235281,320,49,exploratory_secondary
GSE20685,0.15,PAM50-ROR,0.003676470588235281,320,49,exploratory_secondary
GSE20685,0.175,Treat all,-0.02651515151515149,320,49,exploratory_secondary
GSE20685,0.175,Treat none,0.0,320,49,exploratory_secondary
GSE20685,0.175,Pathway ML,-0.011268939393939387,320,49,exploratory_secondary
GSE20685,0.175,Cox baseline,-0.02651515151515152,320,49,exploratory_secondary
GSE20685,0.175,PAM50-ROR,-0.02651515151515152,320,49,exploratory_secondary
GSE20685,0.2,Treat all,-0.05859375,320,49,exploratory_secondary
GSE20685,0.2,Treat none,0.0,320,49,exploratory_secondary
GSE20685,0.2,Pathway ML,-0.021875000000000006,320,49,exploratory_secondary
GSE20685,0.2,Cox baseline,-0.04765624999999998,320,49,exploratory_secondary
GSE20685,0.2,PAM50-ROR,-0.05859375,320,49,exploratory_secondary
GSE20685,0.225,Treat all,-0.09274193548387097,320,49,exploratory_secondary
GSE20685,0.225,Treat none,0.0,320,49,exploratory_secondary
GSE20685,0.225,Pathway ML,-0.04536290322580647,320,49,exploratory_secondary
GSE20685,0.225,Cox baseline,-0.07106854838709678,320,49,exploratory_secondary
GSE20685,0.225,PAM50-ROR,-0.092741935483871,320,49,exploratory_secondary
GSE20685,0.25,Treat all,-0.12916666666666665,320,49,exploratory_secondary
GSE20685,0.25,Treat none,0.0,320,49,exploratory_secondary
GSE20685,0.25,Pathway ML,-0.07291666666666666,320,49,exploratory_secondary
GSE20685,0.25,Cox baseline,-0.08229166666666665,320,49,exploratory_secondary
GSE20685,0.25,PAM50-ROR,-0.12916666666666665,320,49,exploratory_secondary
GSE20685,0.275,Treat all,-0.1681034482758621,320,49,exploratory_secondary
GSE20685,0.275,Treat none,0.0,320,49,exploratory_secondary
GSE20685,0.275,Pathway ML,-0.10000000000000003,320,49,exploratory_secondary
GSE20685,0.275,Cox baseline,-0.0757543103448276,320,49,exploratory_secondary
GSE20685,0.275,PAM50-ROR,-0.1681034482758621,320,49,exploratory_secondary
GSE20685,0.3,Treat all,-0.2098214285714286,320,49,exploratory_secondary
GSE20685,0.3,Treat none,0.0,320,49,exploratory_secondary
GSE20685,0.3,Pathway ML,-0.1272321428571429,320,49,exploratory_secondary
GSE20685,0.3,Cox baseline,-0.06696428571428571,320,49,exploratory_secondary
GSE20685,0.3,PAM50-ROR,-0.2098214285714286,320,49,exploratory_secondary
GSE20685,0.325,Treat all,-0.25462962962962965,320,49,exploratory_secondary
GSE20685,0.325,Treat none,0.0,320,49,exploratory_secondary
GSE20685,0.325,Pathway ML,-0.16030092592592593,320,49,exploratory_secondary
GSE20685,0.325,Cox baseline,-0.060995370370370366,320,49,exploratory_secondary
GSE20685,0.325,PAM50-ROR,-0.2546296296296296,320,49,exploratory_secondary
GSE20685,0.35,Treat all,-0.3028846153846153,320,49,exploratory_secondary
GSE20685,0.35,Treat none,0.0,320,49,exploratory_secondary
GSE20685,0.35,Pathway ML,-0.03389423076923077,320,49,exploratory_secondary
GSE20685,0.35,Cox baseline,-0.06538461538461537,320,49,exploratory_secondary
GSE20685,0.35,PAM50-ROR,-0.021634615384615377,320,49,exploratory_secondary
GSE20685,0.375,Treat all,-0.35500000000000004,320,49,exploratory_secondary
GSE20685,0.375,Treat none,0.0,320,49,exploratory_secondary
GSE20685,0.375,Pathway ML,-0.040625,320,49,exploratory_secondary
GSE20685,0.375,Cox baseline,-0.05374999999999999,320,49,exploratory_secondary
GSE20685,0.375,PAM50-ROR,0.0,320,49,exploratory_secondary
GSE20685,0.4,Treat all,-0.4114583333333334,320,49,exploratory_secondary
GSE20685,0.4,Treat none,0.0,320,49,exploratory_secondary
GSE20685,0.4,Pathway ML,-0.04479166666666668,320,49,exploratory_secondary
GSE20685,0.4,Cox baseline,-0.03854166666666668,320,49,exploratory_secondary
GSE20685,0.4,PAM50-ROR,0.0,320,49,exploratory_secondary
GSE20685,0.425,Treat all,-0.4728260869565218,320,49,exploratory_secondary
GSE20685,0.425,Treat none,0.0,320,49,exploratory_secondary
GSE20685,0.425,Pathway ML,-0.052038043478260874,320,49,exploratory_secondary
GSE20685,0.425,Cox baseline,-0.042798913043478264,320,49,exploratory_secondary
GSE20685,0.425,PAM50-ROR,0.0,320,49,exploratory_secondary
GSE20685,0.45,Treat all,-0.5397727272727273,320,49,exploratory_secondary
GSE20685,0.45,Treat none,0.0,320,49,exploratory_secondary
GSE20685,0.45,Pathway ML,-0.04517045454545454,320,49,exploratory_secondary
GSE20685,0.45,Cox baseline,-0.038068181818181814,320,49,exploratory_secondary
GSE20685,0.45,PAM50-ROR,0.0,320,49,exploratory_secondary
GSE20685,0.475,Treat all,-0.6130952380952381,320,49,exploratory_secondary
GSE20685,0.475,Treat none,0.0,320,49,exploratory_secondary
GSE20685,0.475,Pathway ML,-0.051934523809523805,320,49,exploratory_secondary
GSE20685,0.475,Cox baseline,-0.021428571428571425,320,49,exploratory_secondary
GSE20685,0.475,PAM50-ROR,0.0,320,49,exploratory_secondary
GSE20685,0.5,Treat all,-0.6937500000000001,320,49,exploratory_secondary
GSE20685,0.5,Treat none,0.0,320,49,exploratory_secondary
GSE20685,0.5,Pathway ML,0.0,320,49,exploratory_secondary
GSE20685,0.5,Cox baseline,-0.025,320,49,exploratory_secondary
GSE20685,0.5,PAM50-ROR,0.0,320,49,exploratory_secondary
